{
    "platforms": [
        {"image": "ground", "x": 0, "y": 546},
        {"image": "grass:1x1", "x": 200, "y": 505},
        {"image": "grass:1x1", "x": 300, "y": 380},
        {"image": "grass:1x1", "x": 200, "y": 245},
        {"image": "grass:1x1", "x": 400, "y": 150},
        {"image": "grass:1x1", "x": 550, "y": 260},
        {"image": "grass:1x1", "x": 550, "y": 100}
    ],
    "decoration": [
        {"frame": 2, "x": 630, "y": 504},
        {"frame": 2, "x": 715, "y": 504},
        {"frame": 2, "x": 800, "y": 504},
        {"frame": 3, "x": 425, "y": 504},
        {"frame": 1, "x": 84, "y": 504},
        {"frame": 0, "x": 252, "y": 504},
        {"frame": 0, "x": 670, "y": 504},
        {"frame": 4, "x": 462, "y": 504},
        {"frame": 4, "x": 755, "y": 504},
        {"frame": 3, "x": 300, "y": 340}
    ],
    "coins": [
        {"x": 220, "y": 490}, {"x": 320, "y": 340}, {"image": "grass:1x1", "x": 220, "y": 195}, {"image": "grass:1x1", "x": 420, "y": 135}, 
        {"image": "grass:1x1", "x": 570, "y": 240}
    ],
    "hero": {"x": 21, "y": 525},
    "spiders": [
    ],
    "door": {"x": 571, "y": 100},
    "key": {"x": 700, "y": 200}
}