{
    "platforms": [
        {"image": "ground", "x": 0, "y": 546}
    ],
    "decoration": [
        {"frame": 2, "x": 630, "y": 504},
        {"frame": 2, "x": 663, "y": 504},
        {"frame": 2, "x": 697, "y": 504},
        {"frame": 3, "x": 756, "y": 504},
        {"frame": 1, "x": 84, "y": 504},
        {"frame": 0, "x": 252, "y": 504},
        {"frame": 4, "x": 462, "y": 504}
    ],
    "coins": [
        {"x": 147, "y": 525}, {"x": 189, "y": 525},
        {"x": 399, "y": 399}, {"x": 357, "y": 420}, {"x": 336, "y": 462},
        {"x": 819, "y": 525}, {"x": 861, "y": 525}, {"x": 903, "y": 525}
    ],
    "hero": {"x": 21, "y": 525},
    "spiders": [
    ],
    "door": {"x": 231, "y": 546},
    "key": {"x": 525, "y": 400}
}
