{
    "platforms": [
        {"image": "ground", "x": 0, "y": 546},
        {"image": "grass:1x1", "x": 500, "y": 390},
        {"image": "grass:1x1", "x": 795, "y": 390},
        {"image": "grass:4x1", "x": 585, "y": 410},
        {"image": "grass:2x1", "x": 300, "y": 300},
        {"image": "grass:2x1", "x": 152, "y": 250},
        {"image": "grass:2x1", "x": 840, "y": 250}
    ],
    "decoration": [
        {"frame": 2, "x": 630, "y": 504},
        {"frame": 2, "x": 663, "y": 504},
        {"frame": 2, "x": 697, "y": 504},
        {"frame": 3, "x": 756, "y": 504},
        {"frame": 1, "x": 84, "y": 504},
        {"frame": 0, "x": 252, "y": 504},
        {"frame": 4, "x": 462, "y": 504}
    ],
    "coins": [
        {"x": 231, "y": 524}, {"x": 273, "y": 524}, {"x": 315, "y": 524}, {"x": 357, "y": 524},
        {"x": 819, "y": 524}, {"x": 861, "y": 524}, {"x": 903, "y": 524}, {"x": 945, "y": 524},
        {"x": 380, "y": 280}, {"x": 340, "y": 280}, {"x": 300, "y": 280}
    ],
    "hero": {"x": 21, "y": 525},
    "spiders": [
    ],
    "door": {"x": 880, "y": 250},
    "key": {"x": 195, "y": 100}
}
